
DROP TABLE IF EXISTS `projetos`;
CREATE TABLE `projetos` (
  `IdProjeto` int NOT NULL AUTO_INCREMENT,
  `Descricao` varchar(100) DEFAULT NULL,
  `CustoEstimado` float(10,2) DEFAULT NULL,
  `IdResponsavel` int DEFAULT NULL,
  PRIMARY KEY (`IdProjeto`)
) ENGINE=InnoDB AUTO_INCREMENT=4 DEFAULT CHARSET=utf8mb4 COLLATE=utf8mb4_0900_ai_ci;


INSERT INTO `projetos` VALUES (1,'Sistema Academico',10000.00,NULL),(2,'Site da faculdade',35000.00,0),(3,'app jogo do tigrinho',20000.00,NULL);


DROP TABLE IF EXISTS `responsavel`;
CREATE TABLE `responsavel` (
  `IdResponsavel` int NOT NULL AUTO_INCREMENT,
  `Nome` varchar(100) DEFAULT NULL,
  `Email` varchar(255) DEFAULT NULL,
  `Endereço` varchar(100) DEFAULT NULL,
  `Foto` longblob,
  `Observacao` text,
  PRIMARY KEY (`IdResponsavel`)
) ENGINE=InnoDB AUTO_INCREMENT=9 DEFAULT CHARSET=utf8mb4 COLLATE=utf8mb4_0900_ai_ci;


INSERT INTO `responsavel` VALUES (1,'ANA','ana@localhost.com','',X'89504E470D0A1A0A0000000D494844520000004E0000004F0802000000CA9464EF000000017352474200AECE1CE90000000467414D410000B18F0BFC61050000000970485973000012740000127401DE661F7800001C8549444154785EDDDB79B857F3B707F0739B854444BA22F2133F494A251A249AAE294994A13428191A90E46AA24403CA504929A4242432245386CC1232942973884472FDEEEBFB5DBBFD3BE7744E2AE7B9CFE3AE3FF6B3BF9FBDF767ADF71ADE6B7D3A4F3907FC7F917FFE99E4FC4F2EF9E38F3F92BBBF9BB03C9FFC6B23C903F5EF2809B2BC9280CB2B7F6FA809B2AC24800A97FF0BA8892D0549F2C6964BF27D5612287F2639F1767C1CBB1489C4B65B27C916858B77981E2F078C54ACC43BC9EFACC4620235245EFA2B926C541492EC98579267594970E4128BDE59B162C5FCF9F367CE9C396DDAB43BEEB8E3DE7BEF9D376FDEEBAFBF9E076A6E89AD3753926FB292FE4CF46F89C4879B23C9071BC40ABD2B57AEECDDBBB7C6B3E79E7BEEB3CF3E7BEDB5979BAA55AB5AA95DBB76C150B3F66F81249F6525515EB8C43BF1722AF1289564B510495EDA200CF8FEFBEFAFBAEA2A78F6D8638FBDF7DE7BDF7DF7AD56AD9AEB7EFBED77E0810782ED3EA1A5648F0D52E04A2CC64D6E89174212E5B924DE71E369EE9BDF7FFF7DFDFAF5EBD6ADFBEDB7DFFCCC7E9D48F6BB8C24BFF34AF26C8358F9E69B6FDAB56BB7EBAEBBFE675684B17AF5EA01D5E420A4356BD6DC7FFFFD0B8D6A72B741AC1428C9E3BC16F8198FE059B264C93BEFBCF3F4D34FDF7FFFFD53A64CB9F2CA2BE5D86DB7DD76F3CD374F9E3C79C2840937DE78E3B871E31E7EF8E11F7EF821F6C9B7DB26C49B5F7CF145C3860D2B55AA54B972E5C049529004EC405B68ADA6129048F23B2BF95612CD5989151975CF3DF774EFDEBD59B366C71F7FFCE159295EBC78B162C54A942871F4D1470F1A34E8D65B6FBDFAEAAB2FBAE8A2962D5B5E78E18593264DBAF3CE3B972E5DFAD34F3FC52624D9B42061C0471F7D74E49147EEB6DB6EA0A6A94B642C6C75EAD439E490436AD4A82187C99F43DD58420D7193AEA4E2E77BEFBDD7A2450B002838E8A083F8BB4C993210C2B9DD76DBEDB0C30EC0B76DDBF6FAEBAFBFF4D24B4F39E594134F3CF1DA6BAF1D3D7AF4F9E79FDFBE7DFB3E7DFA4881CF3EFBECDB6FBF4D36DD4868F114925D76D965F7DD77C740820961C490DEB8422BBC16C9D640CD2D89E6ACF8F9EBAFBFDE72CB2D7C7CF0C1072B0F80951053A025EAA77EFDFAAD5AB53AECB0C320ECD4A9D3D0A143CF39E71C4196DB03060C183E7CB8CFB940ED75EDDA55CC5F79E5957C5A88158E80B362C58A3BEDB453952A558004F51F59414502EB063C36082F7767C6FD8CBD7F4D52F5E2DCB973E7D2A54B972C59125A9AC0DB79E79D9510E4F5EAD55354CB962D3BEFBCF3CE38E38C6EDDBA4D9F3E1D48F09027A7CC9E3DDBBDD23DF3CC33070F1E3C77EE5CAFF5E8D103758596DC578A20AC50A102B41401066D087891B400736E44D5FD5F829A819895F879DD75D7A17B5A254F285345AC0195A7E59260366FDEFCA4934EEAD7AF9F1ABEE0820B30D3A851A3468E1C397EFCF8FFCA8A45693C71E2C4934F3E99D160AF5AB52A8A2584A2679F7D369C28A44A3470462F8D724D910B358FF03BD97AA889E6AC30C58ACC848D2659CA02766CBFFDF6F445CD346EDC586005AA43870E48182478CE3EFBECFFCECA98316300C3C3175F7CB1221F3B76ECEDB7DF7EC20927F054EE1C76F3DD77DF719CCDC593889B428507483B2896181B140E770427B3C1D3A2811A2BC2B5E38E3BCA553AB6DD76DBF2E5CBB340451D7AE8A1471C718475685520E4575C71C59C397350912C35BBC10CAA47C71E7BEC5D77DDA50F29E0D34F3F1D45D913F8D83F744D9D3A15B101092D603C1BDC0B30BD7CED912B90C42357E0255A514205A95CB972344158AA5429454B8D7B16A81621059B65AEB049DAE38E3B0E03E31E9DE698638E116AF144576AF8CD37DFECD9B3279003070E14DBD83F0463093530DC2AA4605001122AB6E211FCF40A26FCF4D6AD5BD79E08A228A1DA1D4E25A4B5942D5B166C2015A7124548B28B6E46B469D3E6D4534F6581383CF3CC33F2D90BC3860D7BE38D371A3468A0F1782AAAF85954B525CC6414092DCF3DF71C48921324122003B6240A2FF3A60C6ADAB42957DA8A4F4DFC2FBCF0425142A5435201299E844D5C0E9EE489FA8974125576845F54B5A4F50290184854613BEDB4D3701243652FC0F23CD5A2B621E44D398C690273F46A8B3CCB064EF4F9881123D4C2134F3CC18372E491471E2932A8AE524E8986800AA45C22FC1DCCC111C1CF7DFBF605A956AD5ADA8C51112A98C553A641AE10F41EB58AC665B51BD33215C8EFDC73CFB55B36A215C0DB669B6D28427E768E62D145CF3AEBAC21438660017CF6D65B6F99674415ECA2814AAC7CFEF9E7E84753E566D92BAA3CCDF731CAB8C784D258E88281F41B48DC1B1291B00EE454697E101091B9FCF2CB81746FF4BBE1861B82E44D824D9A3401D2FECA842E6E0D2DA0AA4C54AF98ED66EAD49314C8FBEFBFEF73E3E7D6432509CA0DC21A3DD06802246BC2F12C082A760324535AB76E2D7A9A8D3EFCF8E38F7FF2C9276BD7AE35F7AE5EBD7AF9F2E546C2193366A0228C854B30D625975C82D2D6AC59637FF2F3CF3FFB50B244D26A3C0A4169105065070F9AB7ADD3E298617E44DA18AE28A1128B1C699030A3D00D33CE5051446C7941D80170B299376F1E3B549104D32A4175B27185C4514181416878126A73951275D60B8DAE584AEDC9F3468D1A893927064E2B988C77C41066A57BCD35D7C861157BDF7DF7153154627DD1A2453886115A086C10320209C729871D4E306C7DE9A597405DB16285CCFFF1C71F45555200ECE6CB2FBFFCFAEBAF172E5C08A78008BE78260AB2E2A7C8F3A91CE156B4A7F160014D1B662787FEFDFB4B25C476F7DD77BFF8E28B0F3DF450D147D50172DAB469289E3EF5A655482494A338910DDD8C3009CD9F3FFFF9E79F5748EFBEFBAE03ED575F7DE5840DAA900AB2FB4F3FFD74E5CA954E82D25E8FC90D951681D55180344BAA5E38711822E053DE910EF4822AB60F3EF82087A2A822862A384F3DF5142A36000AA0CA14CC68955A880858C4B74812F79AECCD1260C882C0CC2608559790022FDA9E0A9D98446B4D8576B9AA4A751795A981C9A0A38E3ACA3DCF4A7EEA845AC7366C7EF0C107CA64EBA1263A73894586DA5416A94C466827FC0A5EC78E1D3518DC68A250602644AD0F33319171585760972C59C2F738D6014D5421778F4565BB955F7EF9C50931D194D5A5DA112FF2D36CE0A4483C0D24E14D57DD4ECCB989CBDE7EFBEDAD849A28CC2BBA9F68E8F8402A1B2D5452051851BDECB2CB8CBE74E3468172C51FBA82DC936958577D62232B0C1519A921F2B366CD7AF4D14735463B63AC54B51B1CE60C888AF51B3EE5417398432F7EB6894A01559C51BA94D9CABE1ACAF28975E564532A7545D30FFA95C0A0BA2A54CD435B37F1B2AF4B972E4E6A980909F7EAD58B6B9CC8B1113779198D89B93909F1604E07839933676A367238B7763F7D8E66CD67AE2A45D1E26A5D5AADDA81137572F638FD22B62D869AE8C92BD6251852193A74A81E8848E0915DE8175454818D0D3A7A8CDAE37238450C61BCFCF2CB380C5D39B52A4E093C69D2242F38DCA864DCA67A051C24314C94E515E4C75374712E75489EEFC456ADCA1D75A49A0C6476D832A8C9F61B4930E7638F3D8681E452FC7B8A5E2ABC7012392CBB9CD4B4389337EBBDEC1E878936B3D0B282342D690C926DCA94291C814E7445738F628BD930D1B741AC183FDAB66D2B802041CBB37841F2139336BFDBDC86BCFC97A0C68ADEA0198A2AA39DCEA59F22112891D40C22997106C5CE2B542A1EC10403F1C8E1EEDDBBB35500B596C58B175B74455188C48A6808BB90AE5BB72E94E61355F3EAABAFF2263696AB3A902BF2E36B291D843C6EDC38A7E29CF820906C5AE2CD54ACA816462803D69B3381512DBC2B9E58012B22271186D99505665AF3C34D37DDA4A362D78F3FFE5811F2BAA788077BC3F9E1871F6A36DC27C87E8ABCD60A4F3A2D1528E690F1E3C79BA8F914ABB991BD22CC00591680FF0D35AE8549BC968A95A0359D00E5605AE6722DA7AA1CA7C798756328E5025750750284C426390C12A8D8D25C85966D65F6D0A80453BA9218E8309954DF344EE2A90C4704010C65E039F7D28A25B84A6A64A066A06C09543E96634A5F620811BAE33FC40024D635919A7B1D6EC04680AA25E66F69ACE9032657F5BAF8277F390627B64492AFBDF69A66A35C85D7190054F982878D8701359F19F9C4538D5739F0B8C0AA11544C35AED2CF0DC3495453891D49BEFBDC82F7EDA25F8B15E634DFAB4FE70C2735A90B9EB2D1D6C556D172ADE6461F91AB38838FF8D8602869F9885FBC2CE6B24EFB9D3C79F2D2A54BA58C725DB06081423045B0817FC9C6C6E4164FD52D45D0EA5B6A8A46F401AA29253F549201B741E267ACA7828104443F3067DAC894279ECC752CE64E7190B1718006550A998DA857C66AB573E7CEC896624D055518921198BA621CCE9C306182AA63AE938024D754A58C5885312189111B49FA9437250BAAB339754E0BA65409580054927E16D77C828D549491DD003470E04043B6781A384500098BF3B061C3A4B164B68E18540BA862CB2972810592C23BDEE42F0D56047494279F7C32885777C5CCA8CEFE43860C8960BA529DB56B53685DED8C1A651C27F22F763093EAD20527F0C6F7B94554F1A7E8E9A2685630A192C34A5172321A678A64B972E51C2339C223851A439241C2C044A48315B3047F1BFD242D9C98D9992BD29B782AB11F78E08134755D037361E2054788504AE414B4ECA43A0FD47CC00AC4691149E88AB884D74142B3BC68A075E6E63FC9A97AB9D668AA0EE5B671173FF3312634E26360A42AC10CC9AA5AFC0D003E9778CA95BFF45E671D08551A3EE31D749D6ADF3454626CE6D9404BBBCD158895821398148893588F47228057F84C7DEA192C63A2A88A18E6C4A586072CA55CE993C38E1A5847F1206D5D046780A77ACD71AA000373937DF0AD4C46452A39A85B40749138C415665588A71C21296053385CEC4A18A01D160AB540B1111155E70C99C63856AA377565C403DE40A7145D518BF59DB27F2653B1C22EAAFAAAF150D9F091530ECC3ED71E1C2FCDBD32191B6912384FAD5A546F5C29B6D09A9C368D93B00D756B01F236FDB38DD8EA02AA6C73A186C3C40A732292112346B8C190022844F28D895AA50996C5020B8CF253693B67FF1227B65851541D560CE8FABB46E74D930351DB0E9F7630DC13A56B91BFCC77B2971351A0433F03126B0A12169A375444E9D2A5B9D8A04F29C012584E61F82D882A950A4C2D19659D15CC490EF8920D3C315CB66C993E4114AAE4E408DDC2F4237F4075AAE4573C04AA16C517FC25E7C1F3AD015034509DF78D10707A049B694E2EA86DA3BF313B72786301D2239B4058AA54A9E259914DD0822AC2D09A67360BAABD9CB0F090D31951753A154E42B691BADA8318220F6966DC535A22C617F00B9106AB68A531D78AB3AEC365D8550283042A8470A23AD9A1E0A50CBB9DD4455E8B8EE2E7C402A31AE986E7EC9FE2240EB1705A0C7E92C99B0BD5C142510571E3216819E1DAAF5F3FA864727445688DE931C12A6616986CCDF4BAAE8614FF7EA9C7221B9BE8B12A964700960B5E464B7A2F60701A0F55AC91CBE74A8317B89B25614F6A98E04B22138BBC2D91574A962C29CED108FF3C81D34D794EE864A3E21107D1A39E11DA83838B2E2202389341295A55A702318D97155B9932651452FC6B0BBEC1CF4A91E37C6B4F271E630DF032DC0E1CE42BD116138A240E3C2667F6E436C961D5081D7F25028C082C496F0230A17D0B6809F1AA7BEACDE25C0E4FFC2B26C21470D64B4B470A80ADA8BD98DA855A66325DF5AA582C852DD4AD6380662BBC324541AA0E98A537F77919C313BA80B4C9ECD9B31D069CFE5363E0B4ADB402034EA8D22B5421DBE495CD8AAAEBEAD5AB55CBF2E5CB2194480448022DF77BA468717AE5CA95F156FC7508488FBCEF2B419693FA9052175B5524A964B29FC64995CF591AACEA8510246855AF6F55BEBA8579D5AA55B95BEB9C39731C9E2298AEB9110AB2E9C535C43D9C6E0A856A47A244E181840B690D8BC3E50ED0EE5DC32C2298260430D01D7F63697D4836FA8A6BBC86AE04CDF99647F474813557CA614DC8A465C082CD9E01929BE405BD3E4FED114CCEC5880E528133221950237AB0118E7002714DA560A8B1AF488647410DDD24FDF7683631822304C10B18D88AC63B66CC18D52B6812557E1AE575232FC843339092567BC617B1C58A9C82300C0968D63EE2CFA102E81DECEDFDC80E5A802436F17E5A8124C5296E6E5CA102154E43B86BDC9082A12A4BC6D1415F743C3AE00498880F81D60AB4C073BFE8B9FAE92BE5AA68CDB41A291137B4A485B2DB24C8239AA7B0A36529E0B0AEC1004970AFE9020F63665C658AE03B818D24A21A098117507514D7B43EE31A014CA1A6220B0A80BA7EFD7AE60A052670A4A2096C764042602691CC0007BC58F426F733CBCB88C48021A4263E273BE32EBB0190B47C675BA6EB46DA8CADE8322D728D348EBFD0497EF819109EB5ADF7659982B2B3033D3C999866254006E66CF2660454F04882355F5425AD73B08A52631A9DEEC2A991C0021B578642E226D042E82783FC04DBBA680757E993660C2304CC9AA77B6396D94548ED19DF1A9B618B7F107624E2144AB568EB122A9B3D199C523AD0C6BD1B16EACC813340C67DF010E18B046236A4243F54CD90E2050B16A813935D0C7D002B1E291AD35F40F513BC4018625160818C7C1304D14395C0806DD0155B9C64FFF8DC3BF107556380B94FDB1476577BF29D3C0F52F09A3276F53376E626987D2817301CA870CAEA60A6146D6E9CE4DF50E10483658B172F064F5441253073B39F8C03184EAF113F5DD94431819089D944FE4428D824B6D002230E3121F6E9D367E4C891C3870F0FA3AD7B93E9DE044CA03C95D25620E13B4F5D036D4A846E22C2BEB283309875A37A23934990535AAE79A0C2896C4D2494292103B7348E90AA1CC2DF4C89F07A1360018C1866922C9B66AE908789CCB2C21AE1123461F1C8FC3871E244A773167B1A69E911D83E993C79B2A7E26FCF00E6130EF5285E20565C63731FDADF15F91BE3C436323900470E07603801CE408593D0E484A9A2041042F1944BC008A9AC56450846212933688990C2EC2A8C74B30600377E3228AC098BE386593E175207519F7BDFA3C8763704F11AA7B9183CEB76B339828C948915AFC59E013EA072A594010FC814B04C0EA8214954E194A5FAA1E6A6A2DC230921A575E1C2855884DB9C3FDBB56B672472CF502E90AE600B2F6C1447099128DA302E92D94A58C96E5391E39B0489D77CEEC69BAE52D73845350F7AE44A0B7536F1821D80CCBDBF0D233500A6DDA4E56C00A74C768DA20D9C222CB699BFD9F0CAE0C1838554E8B02578DC0F2157C958E1E56671EED0A1035E71836CF0300B781D5A8A698AE044025B09B3FC0C18565C7D65309A3E7D3A54EE09241966FBF8635BD1ABEBF2238F78DFCEF13436714DC587B47B44239C74D10EB3BCCBC9C9019544C566E929230067A2AA3CBC24AABA99602A181DDF290C3FF949B71BD7BE7DFB9A57A53767B38C844114F3AEE8455231022AC64551B9C2ECA7977D6807098284C188F94460B992FBC4D301C049886AEBAA06668F021E75115E575B5927360735F48646AE44514460036DC416DA1CB4E194ACD73B43391383646471C890639485625B0BA6B0334507678795F02B0B5819D945656006D55337C44A98689171A03A85CE9F3FDFE6F6F179A0A557C63AB51B9221E441096505485A7C1E68298A38F31AF133BC49BBABD71C098C5FE045603333F186F693C3C7D206F13A1303E37B3B3A6A0C183020D052C91441100A63EDD8B16359EC35A65340B117AC8044A0B5E8115F30C23D89C4F68E75E3AE7319AA83306A923A8F40B5A7896AE0C08194F26F000E97455E8407E3260A27A0C653420B03541F60A0063F456C33092C2D7BF6ECA9569D1855367D3E70747044A65852D14AECAE7A45D5C423C25EA3950ED788BCAF021509AD9E029F896CD6DFDE54D28EE0426A87480D08F991BF62433BA046F774858BE9F5B975BBB9F18E9D239522BC81D30DB1A18A355A74EAD4293754F45BBE7CF91C0875760DC050AE4AED6277E16DDAB4A9C062638AC39D6E8CE0CD9B37C71F8CB0AF755741E0C84836D6806711CD6A1EE63B8B116A06793A6DDA34C36DE405B4CA95C5C42754F8161700694F2A2262BE8D7CE12331174F9FFBD0FBE108375E23B18337E9729680B358B162060CC42E72395A089CA8D548E95421517D8FA89A356BD6B66D5BE30418B4C676CEDCF5EBD7B7C84AF67993564FB1970FE9A0D8D5BAE0A33AEFA3740EE23B79CB47EAC54FD6DB811695AF81E96A00E0083386598F3BECE905F9E273D92ED45DBB766DD4A8118BA74E9DEA6550BDC38F740146DC33D28DCDC5D669D1D11F3A694B2316C869DFBEBDECEDD6AD9BE95407171C18C073C88696AD7C1C2EE7630386538570493C8B8079DFBDF721013B022851D92702FA13CCD20931DA0AFFE179C754DF6275AEAC5BB7AED105294A1F06C9059F38EEEA46DA41EFDEBD9592AB6F7BF5EAE591A31FA82C545972580E32CCD586CCB3EE27AB1860B4183F7E3C50152A54884CCEC11334F1598B162D508EE0700C9F0D1B36AC418306F849DAD84B4861705FBB766D8A03AA7DBD19D4657804DB3BD006E041830631CEC1D5215384CD83A3478F9611524B907DC5BF3D7AF498356B9660B20CED09E984091370A6136FBF7EFD8494BFB840FCD9A3472070FE721A9147784BD8B94C6147E9462E449C6532F7A9D2989C488EBE12C72B6768539B6F58098079D8795F65324BB86C042D4E165529C1A9562281E1A44C8D59A48377415DBB762D56131954C75F32904399CB59924A6AC12611ECA0BB80CA320EF532D738E8F18BDECE741FFACAF94ED9EB220EB414591712130EFF4A288F6CC572F51FE3879BE00855A95C839C72F86CC68C19E6355095AF574105C3095302D7A95387776D1751C59C356BD6F432CCDC613B65E3A933340B941C73A1D5D6632E95AEB21D1130171BA91F03998AAD58B1A21DC447D04052AE1244524839D5045EE3C68D39CE266A8A8FA41B77E01401A0D1B7B68A608AB04C117FF83DF2951B66107BB22D029B814A37BFEA370A577DF2139C3070BF7ECBC16DDAB471D0F1BD455F8A6AC78E1DE34F3291C354520027B4C19C4A4594B8D60C2865982899D9A414B9DF29A255AB56E22657F5739B83C1892650E7277EC7555EB0A1798022692FC90D1EAA8CA952B44B972E5CE0C6B556AD5AE67605A5E1318655EC946B1CE77ECD9A355E96BD19A81C4F13EF82AAF12818B68A21EB9958A3468DF853827DB98035E22C2B60888489687081B241A1BEB21EA5220B22629499C36010133752B44993260D1B36B48953FBDCB97325C5A851A3148214883FE4491C4AA1F589560C303B0143ADEE594BC5A2458BD41793A29454263318EF9EB57CC712B0B938331C962D9B8300C153542D5BB6C44C3CCD741B512C49EAD5ABC76D8A13A34659822AB1795AAACB616AEC2B27C553462009EB94A95866452F5102125827EBDFBF3F2AB29B6241B3B80A425AE4A7DEAE5071B524728FAE4C6FD6351EC15435CC40DDBCEFA66AD5AAF63CFCF0C31D65EC2617C409999B0B781C4857BC15C85958A952A54C5485146E3EC3E39C2D9F39234A4E0D982BAA55AB26DA22665118F555A422325EB3512C4ACBE006AE9536C0CB0B690C2DFA59BD7AB5495BF69A60E26F47A8C235E6728BAE7EC6D3F80FAEEE49D418B1189FFCC746623DBD91A82A137E990830B42C6146EBD6ADED96A32699C8E5A81819604B01044077122BDD8C2F615354416E124FB9621AA86C04A745552A91EC23A9E89017125B60892A126D8E101C1818E49C15C6A5929A9B4FD2759FA45FA5F7E94DDCC70D7710015714520C5171B7DCC9406525912752425E892DAA143150E5A44455AE071C70806E24B03C24CFAB57AFCE6E35E60550A5AB1DE0E1239008788A045A2E93323644279C186101206E0A9400B0D56207FB4B3D36C0E9CA42459A818A48A09F33678E7295A80A1D315891C0006B39CAA04A952A862AD8642C2E95FA5A1C7A08B741C5850A1E2A5195361655081D925969D8D614A1DE2064079A41A7DEA7D426A9286C824E43B02EE123A294D21BF486B45361A17903C3798A4432312D5E1CC5F0B2FC329398AEF4B012254AFC2F97730C79C7D0D5C70000000049454E44AE426082','<p>teste de <strong>escrita</strong> com editor html.</p>'),(2,'BILL',NULL,NULL,NULL,NULL),(3,'BOB',NULL,NULL,NULL,NULL),(4,'CLARA',NULL,NULL,NULL,NULL),(5,'Batman','',NULL,X'',''),(6,'Hulk','',NULL,X'',''),(7,'AJAX TESTE','',NULL,X'',''),(8,'TEMPESTADE','',NULL,X'','');


DROP TABLE IF EXISTS `tarefas`;
CREATE TABLE `tarefas` (
  `IdTarefa` int NOT NULL AUTO_INCREMENT,
  `Descricao` varchar(100) DEFAULT NULL,
  `IdProjeto` int DEFAULT NULL,
  `IdResponsavel` int DEFAULT NULL,
  `DataInicio` date DEFAULT NULL,
  `DataFim` date DEFAULT NULL,
  `HoraInicio` time DEFAULT NULL,
  `HoraFim` time DEFAULT NULL,
  `Completo` int DEFAULT NULL,
  `Observacao` text,
  PRIMARY KEY (`IdTarefa`),
  KEY `projeto_tem_tarefas` (`IdProjeto`),
  CONSTRAINT `projeto_tem_tarefas` FOREIGN KEY (`IdProjeto`) REFERENCES `projetos` (`IdProjeto`)
) ENGINE=InnoDB AUTO_INCREMENT=8 DEFAULT CHARSET=utf8mb4 COLLATE=utf8mb4_0900_ai_ci;


INSERT INTO `tarefas` VALUES (1,'Analise de requisitos',2,2,NULL,NULL,NULL,NULL,NULL,NULL),(2,'Entrevista com clientes',2,2,NULL,NULL,NULL,NULL,NULL,NULL),(3,'Documentar requisitos',2,2,NULL,NULL,NULL,NULL,NULL,NULL),(4,'Análise de requisitos',1,3,NULL,NULL,NULL,NULL,NULL,NULL),(5,'Modelagem de banco de dados',1,2,NULL,NULL,NULL,NULL,NULL,NULL),(6,'Prototipação de interface',1,1,NULL,NULL,NULL,NULL,NULL,NULL),(7,'Teste do banco de dados',1,2,NULL,NULL,NULL,NULL,NULL,NULL);
